Model,Size,p,q,bpp,L_k,L_low,L_high,ODR_k,|Delta_c_k|,s_k,H_k_bits,CE_k(w=2)
cheng2020-attn,256x256,,1.0,0.6681,0.5764,0.1888,0.8223,0.5917,0.0185,0.1825,0.5573,0.8048
cheng2020-anchor,256x256,,1.0,1.0369,0.68,0.1331,0.7956,0.7867,0.045,0.2173,0.6765,0.7055
jpeg,64x64,,1.0,2.0625,0.0717,0.027,0.1211,0.0386,0.0076,0.1035,0.1696,0.9388
cheng2020-anchor,64x64,,1.0,0.9673,0.5069,0.1859,0.9308,0.4732,0.0314,0.1948,0.6605,0.7955
jpegxl,64x64,,1.0,1.9277,0.0134,0.0101,0.0169,0.0068,0.0019,0.0424,0.0396,0.9881
jpegxl,128x128,,1.0,1.4932,0.0113,0.0066,0.014,0.0057,0.001,0.0363,0.0308,0.9897
jpegxl,256x256,,1.0,1.1395,0.0095,0.0059,0.0122,0.0048,0.001,0.0352,0.0249,0.9911
jpegxl,512x512,,1.0,0.9851,0.0077,0.0049,0.0099,0.0039,0.0009,0.0316,0.0194,0.9927
cheng2020-anchor,128x128,,1.0,0.833,0.6498,0.1135,0.79,0.7295,0.033,0.1794,0.6431,0.7729
webp,64x64,,1.0,2.8164,0.0217,0.0048,0.0241,0.0111,0.0034,0.07,0.0627,0.9812
webp,128x128,,1.0,2.5293,0.0178,0.0106,0.0199,0.0091,0.0035,0.0659,0.0488,0.9829
ftic,512x512,,1.0,0.5865,0.0172,0.0146,0.028,0.0088,0.0025,0.0484,0.0389,0.9844
bmshj2018-hyperprior,1024x1024,,1.0,0.5336,0.8868,0.5413,1.0,0.9992,0.0411,0.1492,0.7819,0.3441
bmshj2018-hyperprior,256x256,,1.0,0.545,0.8417,0.4891,0.9999,0.9902,0.0202,0.1181,0.6634,0.5636
bmshj2018-hyperprior,512x512,,1.0,0.5425,0.861,0.514,1.0,0.9959,0.0279,0.1326,0.7704,0.4494
mbt2018,1024x1024,,1.0,0.5653,0.7223,0.4377,0.9991,0.8619,0.021,0.1416,0.6726,0.6437
ftic,1024x1024,,1.0,0.8391,0.0175,0.0143,0.0318,0.0089,0.0024,0.0488,0.0377,0.9839
webp,256x256,,1.0,2.4709,0.0164,0.0107,0.0173,0.0084,0.0035,0.0638,0.0422,0.9839
webp,512x512,,1.0,2.4399,0.0165,0.0115,0.0178,0.0084,0.0035,0.0636,0.0402,0.9839
mbt2018,512x512,,1.0,0.5394,0.7257,0.4394,0.998,0.8675,0.0193,0.14,0.679,0.6731
mbt2018-mean,128x128,,1.0,0.5711,0.7686,0.4838,1.0,0.9303,0.0178,0.1134,0.6108,0.8162
bmshj2018-hyperprior,64x64,,1.0,0.6492,0.8059,0.5518,0.9993,0.9673,0.0166,0.1219,0.5986,0.7561
bmshj2018-hyperprior,128x128,,1.0,0.5859,0.7558,0.4918,0.9999,0.9128,0.0166,0.1078,0.5431,0.7877
jpegxl,1024x1024,,1.0,0.8472,0.0064,0.0036,0.0078,0.0032,0.0006,0.0285,0.0156,0.9939
ftic,256x256,,1.0,0.5892,0.0178,0.0141,0.0277,0.0091,0.0024,0.0481,0.0431,0.9842
webp,1024x1024,,1.0,2.3544,0.0163,0.0118,0.0177,0.0083,0.0034,0.0634,0.0379,0.984
cheng2020-attn,512x512,,1.0,0.6561,0.5754,0.1918,0.8086,0.59,0.0183,0.1924,0.5318,0.795
mbt2018,128x128,,1.0,0.544,0.7016,0.4009,0.9891,0.826,0.0204,0.1328,0.6698,0.8034
mbt2018-mean,512x512,,1.0,0.5054,0.7934,0.4806,0.9999,0.958,0.0315,0.1424,0.6643,0.6939
bmshj2018-factorized,512x512,,1.0,0.103,0.9891,0.8081,1.0,1.0,0.18,0.1611,0.7999,0.054
bmshj2018-factorized,1024x1024,,1.0,0.1003,0.9937,0.8044,1.0,1.0,0.3437,0.1712,0.817,0.0305
mbt2018-mean,64x64,,1.0,0.5112,0.7412,0.4967,0.9956,0.8921,0.0197,0.14,0.6864,0.8643
mbt2018,256x256,,1.0,0.5226,0.7182,0.4159,0.9939,0.855,0.0176,0.1262,0.6893,0.7244
cheng2020-attn,1024x1024,,1.0,0.6752,0.5688,0.183,0.8147,0.578,0.0172,0.1868,0.4864,0.8027
bmshj2018-factorized,64x64,,1.0,0.1506,0.9007,0.685,0.9998,0.9998,0.0501,0.1285,0.6924,0.4697
mbt2018-mean,1024x1024,,1.0,0.5542,0.8185,0.4932,0.9999,0.9782,0.038,0.1612,0.6883,0.6209
mbt2018,64x64,,1.0,0.6286,0.7463,0.4478,0.9599,0.8994,0.0255,0.1485,0.7363,0.8383
bmshj2018-factorized,128x128,,1.0,0.1265,0.9537,0.7108,1.0,1.0,0.0468,0.1165,0.7012,0.2111
bmshj2018-factorized,256x256,,1.0,0.1083,0.9778,0.7745,1.0,1.0,0.1153,0.1438,0.809,0.1106
mbt2018-mean,256x256,,1.0,0.5109,0.7544,0.4934,0.9998,0.9114,0.0229,0.1393,0.6382,0.7743
cheng2020-attn,64x64,,1.0,0.9011,0.5717,0.2812,0.8146,0.5832,0.04,0.1549,0.6832,0.7681
cheng2020-attn,128x128,,1.0,0.7323,0.5601,0.248,0.8849,0.5626,0.0234,0.1636,0.6116,0.7979
jpeg,128x128,,1.0,1.5791,0.0601,0.0219,0.1047,0.032,0.0049,0.0928,0.1381,0.9464
jpeg,256x256,,1.0,1.4314,0.058,0.0231,0.0965,0.0308,0.0053,0.0879,0.1254,0.9445
cheng2020-anchor,512x512,,1.0,1.5982,0.685,0.1962,0.8123,0.7958,0.0481,0.2302,0.6686,0.6763
cheng2020-anchor,1024x1024,,1.0,1.4506,0.7256,0.2016,0.8362,0.8673,0.0571,0.2405,0.673,0.6276
jpeg,512x512,,1.0,1.395,0.0597,0.0225,0.1007,0.0318,0.0057,0.088,0.1224,0.9418
jpeg,1024x1024,,1.0,1.3874,0.0593,0.0225,0.1016,0.0315,0.0056,0.0885,0.1174,0.9419
cheng2020-anchor,512x512,,2.0,2.0955,0.6563,0.162,0.8032,0.7419,0.03,0.1888,0.6018,0.7358
cheng2020-anchor,1024x1024,,2.0,1.7472,0.6788,0.217,0.8191,0.7844,0.0366,0.1996,0.5887,0.7151
jpeg,512x512,,2.0,1.8849,0.0271,0.011,0.0421,0.0139,0.0034,0.0622,0.0606,0.9738
jpeg,1024x1024,,2.0,1.8749,0.027,0.0107,0.0418,0.0139,0.0035,0.0623,0.0574,0.974
cheng2020-attn,64x64,,2.0,1.0472,0.5254,0.2324,0.8816,0.5031,0.029,0.1322,0.5893,0.846
cheng2020-attn,128x128,,2.0,0.8307,0.5315,0.2846,0.8233,0.5134,0.0258,0.1382,0.554,0.8344
jpeg,128x128,,2.0,2.0894,0.0277,0.0112,0.0428,0.0143,0.0034,0.0644,0.0691,0.9746
jpeg,256x256,,2.0,1.9282,0.0271,0.011,0.0405,0.0139,0.0034,0.0632,0.0648,0.974
mbt2018,64x64,,2.0,0.9726,0.4968,0.3174,0.8174,0.4571,0.012,0.1296,0.6044,0.8232
bmshj2018-factorized,128x128,,2.0,0.2203,0.9161,0.6485,0.9999,1.0,0.0582,0.1911,0.9594,0.3934
bmshj2018-factorized,256x256,,2.0,0.1916,0.9415,0.6984,0.9999,1.0,0.1183,0.1883,0.9177,0.28
mbt2018-mean,256x256,,2.0,0.6825,0.6178,0.3602,0.9553,0.6686,0.0143,0.1169,0.629,0.709
mbt2018,256x256,,2.0,1.3551,0.5444,0.2874,0.8597,0.5352,0.0149,0.1439,0.6164,0.7209
cheng2020-attn,1024x1024,,2.0,0.8017,0.5299,0.2135,0.8381,0.5106,0.0225,0.1394,0.4374,0.8289
bmshj2018-factorized,64x64,,2.0,0.2702,0.8447,0.6068,0.9898,0.9913,0.0319,0.1836,0.8739,0.6542
mbt2018-mean,1024x1024,,2.0,0.6501,0.6418,0.3959,0.9693,0.7143,0.0178,0.127,0.5747,0.6457
mbt2018-mean,512x512,,2.0,0.6408,0.6295,0.3786,0.9623,0.6909,0.0162,0.1233,0.595,0.6889
bmshj2018-factorized,512x512,,2.0,0.1835,0.9517,0.6968,1.0,1.0,0.1737,0.1861,0.9273,0.2297
bmshj2018-factorized,1024x1024,,2.0,0.1801,0.9618,0.6988,1.0,1.0,0.1904,0.1744,0.9033,0.174
mbt2018-mean,64x64,,2.0,0.8122,0.5997,0.3599,0.8912,0.6348,0.0166,0.1212,0.6562,0.8354
ftic,256x256,,2.0,0.7961,0.0125,0.0106,0.02,0.0063,0.0022,0.0442,0.0311,0.9887
webp,1024x1024,,2.0,2.8304,0.0085,0.0065,0.0089,0.0043,0.0019,0.0455,0.0209,0.9916
cheng2020-attn,512x512,,2.0,0.775,0.5237,0.212,0.8362,0.5004,0.0218,0.1375,0.4675,0.8336
mbt2018,128x128,,2.0,0.8786,0.5245,0.2667,0.8321,0.5017,0.0114,0.1229,0.5508,0.8353
mbt2018-mean,128x128,,2.0,0.7166,0.5916,0.333,0.9379,0.6195,0.0137,0.1106,0.6042,0.7943
bmshj2018-hyperprior,64x64,,2.0,1.1677,0.6177,0.3404,0.8969,0.6685,0.0165,0.1303,0.6171,0.8913
bmshj2018-hyperprior,128x128,,2.0,0.9838,0.605,0.3307,0.9148,0.6445,0.0136,0.122,0.567,0.8486
jpegxl,1024x1024,,2.0,1.0169,0.0047,0.0029,0.0056,0.0024,0.0005,0.0247,0.0119,0.9955
ftic,1024x1024,,2.0,1.3643,0.0119,0.0099,0.0434,0.006,0.0018,0.043,0.0269,0.9887
webp,256x256,,2.0,2.8894,0.0086,0.0062,0.0091,0.0044,0.0019,0.0457,0.0236,0.9916
webp,512x512,,2.0,2.881,0.0083,0.0065,0.0087,0.0042,0.0019,0.0455,0.0215,0.9919
mbt2018,512x512,,2.0,1.4312,0.6073,0.323,0.8633,0.6487,0.0221,0.1548,0.6452,0.672
bmshj2018-hyperprior,1024x1024,,2.0,0.6712,0.6593,0.3542,0.9962,0.7477,0.0165,0.1468,0.5938,0.6677
bmshj2018-hyperprior,256x256,,2.0,0.7394,0.6117,0.3493,0.9721,0.6571,0.0145,0.1275,0.584,0.7632
bmshj2018-hyperprior,512x512,,2.0,0.6532,0.621,0.3465,0.9912,0.6747,0.0147,0.1311,0.5861,0.7256
mbt2018,1024x1024,,2.0,1.4109,0.6185,0.327,0.8721,0.67,0.0248,0.1639,0.6308,0.6285
cheng2020-anchor,128x128,,2.0,0.999,0.6145,0.1251,0.7923,0.6623,0.0244,0.1659,0.6083,0.7948
webp,64x64,,2.0,3.3047,0.0109,0.0029,0.0114,0.0055,0.0023,0.0534,0.0338,0.99
webp,128x128,,2.0,2.9668,0.0094,0.0065,0.0109,0.0047,0.0022,0.0486,0.0272,0.9911
ftic,512x512,,2.0,0.9354,0.0127,0.0104,0.03,0.0064,0.0021,0.0436,0.03,0.9883
jpegxl,64x64,,2.0,2.3691,0.0097,0.0067,0.0115,0.0049,0.0013,0.0381,0.0302,0.9917
jpegxl,128x128,,2.0,1.6519,0.0073,0.0049,0.0092,0.0037,0.0009,0.0314,0.0212,0.9931
jpegxl,256x256,,2.0,1.3433,0.0063,0.0042,0.0077,0.0032,0.0008,0.0296,0.0172,0.9941
jpegxl,512x512,,2.0,1.1242,0.0054,0.0036,0.0072,0.0027,0.0007,0.0273,0.014,0.9948
cheng2020-attn,256x256,,2.0,0.7852,0.5163,0.221,0.8183,0.4883,0.016,0.1325,0.4973,0.8503
cheng2020-anchor,256x256,,2.0,1.5797,0.6463,0.1309,0.7858,0.7229,0.0271,0.1796,0.621,0.7543
jpeg,64x64,,2.0,2.6113,0.0278,0.0145,0.0424,0.0143,0.0044,0.0672,0.0758,0.9756
cheng2020-anchor,64x64,,2.0,1.121,0.5216,0.1311,0.9249,0.4969,0.0273,0.1905,0.6289,0.8275
jpegxl,128x128,,3.0,2.0688,0.0042,0.003,0.005,0.0021,0.0006,0.025,0.0129,0.9961
jpegxl,256x256,,3.0,1.7668,0.0034,0.0025,0.0037,0.0017,0.0005,0.022,0.0098,0.9968
mbt2018,1024x1024,,3.0,1.395,0.689,0.3588,0.8432,0.8032,0.0324,0.2072,0.7643,0.456
jpegxl,64x64,,3.0,2.957,0.0046,0.0033,0.0049,0.0023,0.0006,0.0255,0.0154,0.996
jpeg,64x64,,3.0,2.9805,0.0159,0.007,0.0229,0.0081,0.0026,0.048,0.0455,0.9862
cheng2020-attn,128x128,,3.0,1.0622,0.5394,0.2089,0.906,0.5267,0.0233,0.1423,0.5642,0.8413
cheng2020-attn,256x256,,3.0,0.9885,0.5057,0.1835,0.8276,0.4712,0.0209,0.1583,0.5001,0.8527
jpegxl,1024x1024,,3.0,1.3102,0.0029,0.0018,0.0033,0.0014,0.0004,0.0196,0.0076,0.9973
bmshj2018-hyperprior,256x256,,3.0,1.1254,0.5041,0.2645,0.8129,0.4687,0.0117,0.1101,0.602,0.7163
jpegxl,512x512,,3.0,1.4129,0.0031,0.0021,0.0038,0.0016,0.0005,0.0205,0.0085,0.997
bmshj2018-hyperprior,512x512,,3.0,1.0314,0.5569,0.2807,0.8242,0.5569,0.0135,0.1275,0.6224,0.6718
bmshj2018-hyperprior,64x64,,3.0,1.5905,0.4525,0.2426,0.7786,0.3915,0.0127,0.1064,0.5603,0.851
webp,128x128,,3.0,3.29,0.0061,0.0043,0.0068,0.0031,0.0014,0.0392,0.0185,0.9941
ftic,1024x1024,,3.0,1.9774,0.0088,0.0065,0.0374,0.0045,0.0011,0.0377,0.0206,0.9916
cheng2020-anchor,64x64,,3.0,1.2688,0.4767,0.12,0.904,0.4263,0.0173,0.1557,0.5673,0.8637
cheng2020-anchor,128x128,,3.0,1.1378,0.6376,0.1242,0.7346,0.7062,0.0143,0.1433,0.5774,0.8318
bmshj2018-hyperprior,128x128,,3.0,1.1415,0.4744,0.2335,0.8065,0.423,0.0096,0.1062,0.549,0.8049
bmshj2018-hyperprior,1024x1024,,3.0,1.0964,0.5763,0.2814,0.8274,0.5915,0.0141,0.1284,0.5947,0.6631
mbt2018-mean,64x64,,3.0,1.3771,0.4457,0.2495,0.7853,0.3835,0.0156,0.1062,0.5053,0.8573
bmshj2018-factorized,512x512,,3.0,0.3163,0.873,0.6181,0.9995,0.9979,0.0545,0.1784,0.7616,0.5367
webp,512x512,,3.0,3.1691,0.0054,0.0043,0.0056,0.0027,0.0013,0.0367,0.0145,0.9947
ftic,256x256,,3.0,1.111,0.0084,0.0067,0.0172,0.0042,0.0014,0.0381,0.0225,0.992
ftic,512x512,,3.0,1.5046,0.0085,0.0062,0.0263,0.0043,0.0011,0.0372,0.0211,0.992
webp,64x64,,3.0,3.6602,0.0064,0.002,0.0067,0.0032,0.0012,0.0403,0.021,0.9941
bmshj2018-factorized,1024x1024,,3.0,0.3101,0.877,0.6266,0.9999,0.9984,0.0672,0.185,0.7498,0.5323
mbt2018-mean,128x128,,3.0,1.5514,0.4491,0.2152,0.7931,0.3867,0.0122,0.1101,0.4416,0.8764
mbt2018-mean,256x256,,3.0,2.799,0.4333,0.252,0.809,0.3647,0.012,0.1068,0.4354,0.8347
bmshj2018-factorized,128x128,,3.0,0.3645,0.844,0.5783,0.9997,0.9911,0.0302,0.1445,0.7381,0.6628
cheng2020-attn,512x512,,3.0,0.9916,0.5042,0.1768,0.8108,0.4687,0.0189,0.1494,0.4647,0.8484
mbt2018,256x256,,3.0,1.243,0.5724,0.2783,0.7986,0.5845,0.022,0.1549,0.6997,0.6144
mbt2018,512x512,,3.0,1.2506,0.6571,0.3199,0.8315,0.7435,0.0299,0.1873,0.7634,0.5058
webp,256x256,,3.0,3.1929,0.0056,0.0042,0.0059,0.0028,0.0013,0.0375,0.016,0.9945
bmshj2018-factorized,256x256,,3.0,0.3315,0.8533,0.6053,0.9996,0.9941,0.0367,0.1595,0.7486,0.6262
mbt2018-mean,512x512,,3.0,2.8992,0.4414,0.2697,0.8184,0.3758,0.0116,0.1099,0.43,0.8075
mbt2018-mean,1024x1024,,3.0,2.6824,0.4542,0.2844,0.8309,0.3937,0.0121,0.1127,0.4261,0.7844
cheng2020-attn,1024x1024,,3.0,1.0053,0.5001,0.1744,0.8015,0.4624,0.0185,0.1501,0.4364,0.8431
bmshj2018-factorized,64x64,,3.0,0.457,0.8147,0.4933,0.9966,0.9756,0.0301,0.1423,0.7328,0.7477
mbt2018,64x64,,3.0,1.4425,0.3835,0.2174,0.8003,0.3015,0.0178,0.1156,0.5373,0.843
mbt2018,128x128,,3.0,1.2947,0.4527,0.1943,0.7582,0.3915,0.0233,0.1319,0.6055,0.7389
webp,1024x1024,,3.0,3.043,0.0056,0.0043,0.0059,0.0028,0.0013,0.0374,0.0144,0.9944
jpeg,512x512,,3.0,2.2237,0.0159,0.0069,0.0236,0.0081,0.0025,0.0489,0.0381,0.9848
jpeg,1024x1024,,3.0,2.2073,0.016,0.0068,0.0231,0.0081,0.0026,0.0487,0.0363,0.9844
cheng2020-anchor,256x256,,3.0,1.8269,0.6674,0.1319,0.7349,0.763,0.0299,0.1667,0.6184,0.7783
cheng2020-anchor,512x512,,3.0,2.3738,0.67,0.1658,0.7521,0.7679,0.0209,0.1761,0.5879,0.7579
jpeg,128x128,,3.0,2.4414,0.0171,0.0076,0.0293,0.0087,0.0029,0.0531,0.0447,0.9843
jpeg,256x256,,3.0,2.274,0.0173,0.0069,0.0247,0.0088,0.0027,0.0513,0.043,0.9842
cheng2020-anchor,1024x1024,,3.0,1.937,0.669,0.1903,0.7622,0.7661,0.0259,0.1799,0.5515,0.7528
cheng2020-attn,64x64,,3.0,1.2874,0.5091,0.2375,0.8698,0.4765,0.0293,0.1442,0.5957,0.8615
jpeg,128x128,,4.0,2.8501,0.0109,0.0047,0.0153,0.0055,0.0019,0.0398,0.0306,0.99
jpeg,256x256,,4.0,2.6554,0.0101,0.0042,0.0139,0.0051,0.0017,0.0392,0.0268,0.9903
cheng2020-anchor,1024x1024,,4.0,4.6983,0.9757,0.9945,0.6066,1.0,0.1396,0.3418,1.0682,0.0356
cheng2020-attn,64x64,,4.0,2.2182,0.3041,0.0694,0.5764,0.2151,0.0178,0.1373,0.44,0.8994
jpeg,512x512,,4.0,2.5877,0.0097,0.0041,0.0132,0.0049,0.0017,0.0372,0.0242,0.9905
jpeg,1024x1024,,4.0,2.5706,0.0096,0.0042,0.0129,0.0049,0.0017,0.0368,0.0228,0.9906
cheng2020-anchor,256x256,,4.0,3.9106,0.5233,0.0538,0.5115,0.4996,0.0328,0.2002,0.5439,0.8187
cheng2020-anchor,512x512,,4.0,5.2771,0.5914,0.2678,0.5363,0.6191,0.0529,0.2182,0.5814,0.7551
bmshj2018-factorized,64x64,,4.0,0.7991,0.7209,0.3577,0.9231,0.8574,0.0178,0.1586,0.7182,0.798
mbt2018,64x64,,4.0,1.6426,0.3381,0.1501,0.696,0.25,0.0127,0.1151,0.459,0.904
mbt2018,128x128,,4.0,1.6315,0.3475,0.1524,0.7222,0.2601,0.0108,0.1187,0.4535,0.8879
webp,1024x1024,,4.0,3.4068,0.0037,0.003,0.0038,0.0019,0.0009,0.0307,0.0099,0.9963
bmshj2018-factorized,256x256,,4.0,0.6101,0.7676,0.4228,0.9776,0.9291,0.0272,0.1755,0.6593,0.7871
mbt2018-mean,512x512,,4.0,1.955,0.4943,0.1888,0.7001,0.4532,0.0213,0.138,0.4619,0.8168
mbt2018-mean,1024x1024,,4.0,2.0294,0.5075,0.1953,0.7,0.4741,0.0239,0.1417,0.4476,0.8083
cheng2020-attn,1024x1024,,4.0,1.7223,0.3505,0.0481,0.6134,0.2634,0.0132,0.129,0.3557,0.877
cheng2020-attn,512x512,,4.0,1.7686,0.3527,0.0464,0.6005,0.2659,0.0128,0.1284,0.3857,0.8796
mbt2018,256x256,,4.0,1.6287,0.3641,0.1975,0.7356,0.2788,0.0163,0.1287,0.4387,0.8643
mbt2018,512x512,,4.0,2.248,0.387,0.2027,0.7288,0.3055,0.0193,0.145,0.4383,0.8436
webp,256x256,,4.0,3.4812,0.0038,0.0028,0.0038,0.0019,0.0009,0.0307,0.0112,0.9963
bmshj2018-factorized,1024x1024,,4.0,0.5819,0.7802,0.4338,0.9824,0.9441,0.0309,0.1798,0.5959,0.7575
mbt2018-mean,128x128,,4.0,1.3174,0.4369,0.1473,0.7096,0.3695,0.0148,0.1241,0.5173,0.8577
mbt2018-mean,256x256,,4.0,1.4634,0.4918,0.1763,0.6826,0.4494,0.0176,0.1326,0.4964,0.8249
bmshj2018-factorized,128x128,,4.0,0.6782,0.7373,0.4104,0.9757,0.8857,0.0215,0.1585,0.6854,0.8195
webp,512x512,,4.0,3.4376,0.0037,0.0029,0.0038,0.0019,0.0009,0.0305,0.0103,0.9963
ftic,256x256,,4.0,1.6001,0.0059,0.0043,0.0165,0.003,0.0011,0.0327,0.0163,0.9945
ftic,512x512,,4.0,2.7085,0.0064,0.0045,0.0274,0.0032,0.0009,0.0328,0.0166,0.994
webp,64x64,,4.0,3.9609,0.0043,0.0015,0.0048,0.0022,0.0009,0.0334,0.0148,0.996
bmshj2018-hyperprior,128x128,,4.0,1.6648,0.3868,0.1703,0.6993,0.3053,0.0096,0.1014,0.4824,0.8407
bmshj2018-hyperprior,1024x1024,,4.0,1.6894,0.442,0.2052,0.7517,0.3766,0.0142,0.116,0.446,0.7742
mbt2018-mean,64x64,,4.0,1.5289,0.3536,0.1665,0.6516,0.2669,0.0117,0.1103,0.4861,0.8886
bmshj2018-factorized,512x512,,4.0,0.5904,0.7795,0.4297,0.9802,0.9434,0.0305,0.1771,0.6314,0.758
webp,128x128,,4.0,3.5752,0.0041,0.0028,0.0044,0.0021,0.001,0.0323,0.013,0.9961
ftic,1024x1024,,4.0,3.0935,0.006,0.0042,0.0397,0.003,0.0008,0.0312,0.0146,0.9944
cheng2020-anchor,64x64,,4.0,1.9712,0.4171,0.1168,0.5849,0.3436,0.0284,0.1981,0.6177,0.8313
cheng2020-anchor,128x128,,4.0,1.7948,0.4035,0.1309,0.5267,0.3258,0.0295,0.1771,0.5427,0.8354
bmshj2018-hyperprior,256x256,,4.0,1.6829,0.409,0.1711,0.6812,0.3328,0.0105,0.1042,0.4694,0.8048
jpegxl,512x512,,4.0,1.6256,0.0021,0.0014,0.0023,0.0011,0.0003,0.0167,0.006,0.998
bmshj2018-hyperprior,512x512,,4.0,1.6825,0.4351,0.2015,0.7005,0.3671,0.0128,0.11,0.4628,0.7885
bmshj2018-hyperprior,64x64,,4.0,1.639,0.3709,0.1508,0.6772,0.2865,0.0088,0.1123,0.521,0.8661
jpeg,64x64,,4.0,3.3906,0.0109,0.0045,0.0134,0.0055,0.002,0.0389,0.0317,0.9914
cheng2020-attn,128x128,,4.0,1.8646,0.3438,0.0576,0.551,0.2561,0.0087,0.1135,0.4199,0.905
cheng2020-attn,256x256,,4.0,1.7804,0.3501,0.0462,0.5926,0.2631,0.0106,0.1294,0.4159,0.8893
jpegxl,1024x1024,,4.0,1.58,0.002,0.0013,0.0024,0.001,0.0003,0.0176,0.0055,0.9981
jpegxl,128x128,,4.0,2.498,0.0026,0.0023,0.0026,0.0013,0.0005,0.0206,0.0083,0.9977
jpegxl,256x256,,4.0,1.9897,0.0024,0.0018,0.0025,0.0012,0.0004,0.0191,0.0072,0.9977
mbt2018,1024x1024,,4.0,2.9924,0.3937,0.2039,0.7434,0.3137,0.0216,0.1519,0.4215,0.833
jpegxl,64x64,,4.0,3.5078,0.0026,0.0023,0.0028,0.0013,0.0005,0.0215,0.0093,0.9977
webp,1024x1024,,5.0,3.8709,0.0018,0.0015,0.0019,0.0009,0.0005,0.0214,0.0051,0.9982
jpeg,64x64,,5.0,4.0781,0.0039,0.002,0.0053,0.002,0.0007,0.0254,0.0131,0.9965
cheng2020-anchor,128x128,,5.0,2.1168,0.2604,0.0777,0.515,0.1742,0.0134,0.1221,0.3633,0.9187
ftic,1024x1024,,5.0,4.2422,0.0053,0.003,0.0609,0.0026,0.0006,0.0293,0.0128,0.9953
webp,64x64,,5.0,4.5742,0.0021,0.0008,0.0022,0.001,0.0004,0.0229,0.0077,0.9981
webp,128x128,,5.0,4.1299,0.002,0.0014,0.0022,0.001,0.0005,0.0225,0.0067,0.9981
jpegxl,1024x1024,,5.0,2.0101,0.0012,0.0009,0.0013,0.0006,0.0002,0.0141,0.0035,0.9989
cheng2020-attn,128x128,,5.0,2.1521,0.2023,0.0646,0.5579,0.1261,0.0056,0.0875,0.2843,0.9429
cheng2020-anchor,64x64,,5.0,2.308,0.2522,0.0877,0.5868,0.1671,0.0193,0.137,0.4091,0.9118
ftic,512x512,,5.0,4.4784,0.0049,0.003,0.0394,0.0025,0.0007,0.0283,0.013,0.9955
ftic,256x256,,5.0,2.2205,0.0048,0.0027,0.0222,0.0024,0.0007,0.0287,0.0137,0.9958
mbt2018,256x256,,5.0,5.867,0.1074,0.0767,0.6132,0.0601,0.0066,0.087,0.185,0.9268
cheng2020-attn,256x256,,5.0,2.0155,0.2647,0.0397,0.6248,0.1781,0.0073,0.1078,0.3345,0.9251
cheng2020-attn,512x512,,5.0,2.0076,0.2552,0.0464,0.6454,0.1697,0.0103,0.1159,0.2965,0.9205
webp,512x512,,5.0,3.9576,0.0018,0.0015,0.0018,0.0009,0.0005,0.0212,0.0053,0.9982
webp,256x256,,5.0,4.019,0.0018,0.0013,0.0018,0.0009,0.0005,0.0214,0.0056,0.9983
mbt2018,512x512,,5.0,6.4391,0.1033,0.072,0.6628,0.0575,0.0073,0.0869,0.1699,0.9239
mbt2018,128x128,,5.0,3.3639,0.1217,0.0761,0.5753,0.0692,0.0064,0.0857,0.222,0.9211
mbt2018,64x64,,5.0,2.5296,0.1327,0.0764,0.4795,0.0764,0.0083,0.091,0.2593,0.9417
mbt2018-mean,512x512,,5.0,14.6265,0.1337,0.0819,0.3776,0.077,0.0065,0.0815,0.2075,0.9088
bmshj2018-factorized,128x128,,5.0,0.9887,0.6229,0.3046,0.8839,0.6783,0.0147,0.1203,0.5481,0.8796
bmshj2018-factorized,256x256,,5.0,0.9147,0.6531,0.3254,0.913,0.7359,0.0179,0.1391,0.5281,0.8432
bmshj2018-factorized,64x64,,5.0,1.1649,0.5803,0.3319,0.8632,0.5991,0.0167,0.1278,0.6097,0.8781
cheng2020-attn,1024x1024,,5.0,1.9542,0.2434,0.0519,0.6312,0.1595,0.0106,0.1159,0.2718,0.9152
mbt2018-mean,1024x1024,,5.0,14.5913,0.1336,0.0708,0.4162,0.077,0.0065,0.0796,0.1949,0.8999
mbt2018-mean,256x256,,5.0,7.736,0.1276,0.0947,0.3645,0.073,0.0058,0.0792,0.2125,0.9162
mbt2018-mean,128x128,,5.0,3.1612,0.1481,0.0959,0.3431,0.0867,0.0058,0.076,0.2458,0.9262
bmshj2018-hyperprior,1024x1024,,5.0,1.7684,0.4376,0.1379,0.6968,0.3706,0.0141,0.1234,0.4748,0.7673
bmshj2018-hyperprior,64x64,,5.0,1.7216,0.3338,0.171,0.6572,0.2454,0.0122,0.1115,0.447,0.9152
bmshj2018-hyperprior,128x128,,5.0,1.8547,0.3886,0.136,0.6503,0.3075,0.0102,0.1049,0.4431,0.8897
bmshj2018-factorized,1024x1024,,5.0,0.87,0.6589,0.3583,0.9287,0.7469,0.0266,0.1581,0.4718,0.8318
bmshj2018-factorized,512x512,,5.0,0.8814,0.6571,0.3398,0.9186,0.7434,0.0215,0.1546,0.508,0.835
mbt2018-mean,64x64,,5.0,2.3593,0.1709,0.1105,0.3132,0.1027,0.0068,0.0777,0.2876,0.9356
bmshj2018-hyperprior,512x512,,5.0,1.7107,0.4302,0.135,0.6907,0.3606,0.0126,0.1161,0.4883,0.7859
jpegxl,512x512,,5.0,1.9346,0.0012,0.0009,0.0012,0.0006,0.0002,0.013,0.0035,0.9989
jpegxl,128x128,,5.0,3.2173,0.0014,0.0012,0.0013,0.0007,0.0003,0.0158,0.0048,0.9988
jpegxl,256x256,,5.0,2.408,0.0013,0.0011,0.0013,0.0007,0.0003,0.0146,0.0042,0.9987
jpegxl,64x64,,5.0,4.3906,0.0016,0.0012,0.0017,0.0008,0.0003,0.0168,0.0058,0.9987
mbt2018,1024x1024,,5.0,6.1989,0.0987,0.0696,0.679,0.0547,0.0069,0.0864,0.1496,0.9272
bmshj2018-hyperprior,256x256,,5.0,1.8341,0.3907,0.1297,0.661,0.3101,0.0108,0.1085,0.4424,0.8566
jpeg,512x512,,5.0,3.2209,0.0039,0.0019,0.005,0.002,0.0008,0.0241,0.0107,0.9961
jpeg,1024x1024,,5.0,3.1887,0.0038,0.0019,0.0048,0.0019,0.0008,0.0238,0.0099,0.9962
jpeg,256x256,,5.0,3.3055,0.004,0.0019,0.0051,0.002,0.0008,0.0244,0.0115,0.9961
jpeg,128x128,,5.0,3.5127,0.0041,0.002,0.0051,0.0021,0.0008,0.0257,0.0127,0.9961
cheng2020-attn,64x64,,5.0,2.4798,0.2617,0.0689,0.5318,0.1755,0.0093,0.0967,0.3936,0.9405
cheng2020-anchor,512x512,,5.0,5.3318,0.5512,0.1711,0.5492,0.547,0.0599,0.2259,0.5692,0.763
cheng2020-anchor,1024x1024,,5.0,4.6981,0.997,0.9787,0.75,1.0,0.2077,0.3736,1.1624,0.0084
cheng2020-anchor,256x256,,5.0,4.2795,0.5551,0.0585,0.5727,0.5538,0.0511,0.2308,0.5979,0.7804
cheng2020-attn,64x64,,6.0,2.8665,0.3055,0.0564,0.6623,0.2165,0.0103,0.1021,0.3959,0.9354
cheng2020-anchor,512x512,,6.0,5.1684,0.7204,0.1574,0.6516,0.8587,0.091,0.332,0.9363,0.4429
cheng2020-anchor,1024x1024,,6.0,4.7047,0.9979,0.9574,0.9932,1.0,0.2641,0.4144,1.1729,0.007
cheng2020-anchor,256x256,,6.0,4.677,0.7676,0.6131,0.7094,0.9291,0.1033,0.3525,1.0119,0.3138
jpeg,512x512,,6.0,5.0146,0.0004,0.0002,0.0004,0.0002,0.0001,0.0083,0.0012,0.9996
jpeg,1024x1024,,6.0,4.9638,0.0003,0.0002,0.0004,0.0002,0.0001,0.0082,0.0011,0.9997
jpeg,256x256,,6.0,5.132,0.0004,0.0003,0.0004,0.0002,0.0001,0.0084,0.0013,0.9997
jpeg,128x128,,6.0,5.4019,0.0004,0.0003,0.0004,0.0002,0.0001,0.0088,0.0014,0.9997
jpegxl,256x256,,6.0,3.1616,0.0007,0.0006,0.0006,0.0003,0.0001,0.0106,0.0023,0.9994
jpegxl,64x64,,6.0,5.2988,0.0006,0.0007,0.0006,0.0003,0.0001,0.0116,0.0026,0.9995
mbt2018,1024x1024,,6.0,6.517,0.1157,0.0567,0.2766,0.0653,0.005,0.068,0.136,0.9616
bmshj2018-hyperprior,256x256,,6.0,2.946,0.1482,0.0553,0.4682,0.0868,0.0054,0.0741,0.2256,0.9249
mbt2018-mean,64x64,,6.0,2.8141,0.1851,0.1061,0.3249,0.1131,0.0055,0.0736,0.3019,0.937
bmshj2018-hyperprior,512x512,,6.0,2.925,0.1461,0.0478,0.4845,0.0853,0.0056,0.0755,0.2037,0.9226
jpegxl,512x512,,6.0,2.3862,0.0006,0.0005,0.0006,0.0003,0.0001,0.0096,0.0018,0.9995
jpegxl,128x128,,6.0,4.0464,0.0007,0.0007,0.0006,0.0004,0.0001,0.0113,0.0026,0.9994
bmshj2018-hyperprior,64x64,,6.0,3.121,0.2084,0.0798,0.4152,0.1309,0.0071,0.0771,0.3218,0.948
bmshj2018-hyperprior,128x128,,6.0,3.0581,0.163,0.0623,0.3429,0.0971,0.0057,0.0722,0.2523,0.9371
bmshj2018-factorized,1024x1024,,6.0,1.4495,0.4559,0.1887,0.7901,0.3961,0.0122,0.1056,0.3826,0.8586
bmshj2018-factorized,512x512,,6.0,1.4671,0.4552,0.1842,0.7856,0.395,0.0112,0.1044,0.4181,0.8585
mbt2018-mean,1024x1024,,6.0,10.939,0.1102,0.0509,0.2999,0.0619,0.0054,0.0678,0.1331,0.9603
mbt2018-mean,256x256,,6.0,7.3361,0.1251,0.0677,0.292,0.0714,0.0052,0.0675,0.1728,0.9518
mbt2018-mean,128x128,,6.0,4.3207,0.1487,0.0866,0.2796,0.0871,0.006,0.0696,0.2296,0.9391
bmshj2018-hyperprior,1024x1024,,6.0,2.9633,0.1446,0.043,0.488,0.0843,0.0055,0.0753,0.186,0.923
bmshj2018-factorized,128x128,,6.0,1.6134,0.4451,0.1512,0.7362,0.3809,0.0091,0.1031,0.4825,0.8677
bmshj2018-factorized,256x256,,6.0,1.5176,0.4566,0.1807,0.7756,0.397,0.0102,0.1041,0.4695,0.859
bmshj2018-factorized,64x64,,6.0,1.8451,0.3715,0.1327,0.6899,0.2873,0.0121,0.1094,0.5223,0.8866
cheng2020-attn,1024x1024,,6.0,2.2858,0.3003,0.0766,0.6087,0.2114,0.0079,0.0986,0.281,0.9304
mbt2018,512x512,,6.0,6.2005,0.115,0.0617,0.2791,0.0649,0.0051,0.0678,0.1477,0.9592
mbt2018,128x128,,6.0,3.5522,0.1253,0.0832,0.2778,0.0715,0.0055,0.0727,0.2038,0.9484
mbt2018,64x64,,6.0,3.1419,0.1344,0.0748,0.2754,0.0775,0.0052,0.0739,0.2477,0.9501
mbt2018-mean,512x512,,6.0,10.1736,0.1156,0.0565,0.3043,0.0653,0.0052,0.0681,0.15,0.9579
cheng2020-attn,256x256,,6.0,2.358,0.3052,0.0485,0.6156,0.2162,0.0056,0.0918,0.3316,0.9325
cheng2020-attn,512x512,,6.0,2.3377,0.2963,0.0636,0.6129,0.2075,0.0073,0.0994,0.2955,0.9328
webp,512x512,,6.0,5.5494,0.0002,0.0002,0.0002,0.0001,0.0001,0.0081,0.0008,0.9998
webp,256x256,,6.0,5.6099,0.0002,0.0002,0.0003,0.0001,0.0001,0.0083,0.0009,0.9998
cheng2020-anchor,64x64,,6.0,2.6829,0.2631,0.1369,0.597,0.1767,0.0206,0.1494,0.4384,0.901
ftic,512x512,,6.0,4.0071,0.0046,0.0023,0.0383,0.0023,0.0005,0.0248,0.0118,0.9964
ftic,256x256,,6.0,2.9768,0.0044,0.0022,0.0254,0.0022,0.0005,0.0249,0.0124,0.9964
mbt2018,256x256,,6.0,5.1117,0.1155,0.0712,0.2614,0.0652,0.0055,0.0698,0.1694,0.9565
webp,64x64,,6.0,6.2383,0.0003,0.0002,0.0003,0.0001,0.0001,0.0084,0.0011,0.9998
webp,128x128,,6.0,5.7188,0.0003,0.0002,0.0003,0.0001,0.0001,0.0087,0.0011,0.9997
jpegxl,1024x1024,,6.0,2.6539,0.0006,0.0005,0.0006,0.0003,0.0001,0.0104,0.0018,0.9994
cheng2020-attn,128x128,,6.0,2.5295,0.2695,0.0524,0.6071,0.1824,0.0056,0.0878,0.3401,0.936
webp,1024x1024,,6.0,5.4974,0.0002,0.0002,0.0002,0.0001,0.0001,0.0081,0.0008,0.9998
jpeg,64x64,,6.0,6.0195,0.0004,0.0003,0.0004,0.0002,0.0001,0.0089,0.0015,0.9997
cheng2020-anchor,128x128,,6.0,2.5252,0.2908,0.0856,0.544,0.2022,0.0192,0.1477,0.4132,0.8883
ftic,1024x1024,,6.0,4.8959,0.0045,0.0022,0.0481,0.0023,0.0005,0.0245,0.0109,0.9963
tcm,256x256,64.0,,0.7143,0.0278,0.0142,0.0633,0.0143,0.0044,0.061,0.0656,0.9761
tcm,256x256,128.0,,2.5986,0.0019,0.0014,0.0056,0.001,0.0003,0.0213,0.006,0.9981
tcm,512x512,64.0,,0.703,0.0266,0.0136,0.0516,0.0137,0.0033,0.0566,0.0586,0.9777
tcm,512x512,128.0,,2.6245,0.0019,0.0014,0.0053,0.0009,0.0004,0.021,0.0055,0.9981
tcm,1024x1024,64.0,,0.726,0.027,0.019,0.0527,0.0139,0.0037,0.0588,0.0556,0.9769
tcm,1024x1024,128.0,,2.6281,0.0019,0.0015,0.0053,0.0009,0.0004,0.0209,0.0051,0.9982
